萬年班表,1,2,3,4,5,6,7,8,9,10,11,12,13,14,15,16,17,18,19,20,21,22,23,24,25,26,27,28,29,30,31,32,33,34,35,36,37,38,39,40,41,42,43,44,45,46,47,48,49,50,51,52,53,54,55,56
LB01-1,,1午,3午,R,R,1早,1早,1早,1午,R,R,3午,1午,1午,1午,1午,R,1午,1午,1午,1午,1午,R,1早,2早,3早,1午,1夜,R,R,2早,1早,1早,2早,2早,R,R,1夜,1夜,1夜,1夜,R,R,1早,1早,1早,1午,R,R,3早,1早,1早,1夜,R,R,1午
LB01-2,R,R,1午,1午,1午,1夜,R,R,1早,1午,1午,1午,R,R,1早,1早,1早,2午,R,R,3早,1早,3早,2早,1早,R,1早,1早,1早,2午,1午,R,2早,1早,1夜,1夜,1夜,R,R,1午,1午,1午,1午,1夜,R,R,3午,1午,2午,1夜,R,R,1早,1早,1午,1夜
LB01-3,1午,2午,R,R,1早,2早,1午,1夜,R,R,1早,1早,1早,1早,R,R,1午,1夜,1夜,1夜,R,R,1早,3早,3早,1早,R,R,1午,1午,2午,1午,1午,R,1早,1早,1午,1午,1午,R,1早,1早,3午,1午,3午,R,R,1早,1早,1早,1夜,1夜,R,R,2午,2午
LB01-4,1早,1早,1早,1早,R,R,2午,1午,2午,3午,R,R,2早,1夜,1夜,1夜,R,R,1早,1早,1早,1夜,R,R,1午,1午,2午,1午,R,R,1早,3早,1夜,1夜,R,R,1早,1早,1早,1早,2早,R,1早,3午,1午,1午,2午,R,1午,1午,1午,1午,1午,R,R,1早
LB02-1,2早,R,R,2早,2午,1午,1夜,R,R,2午,3午,2午,2午,R,R,2早,2早,1早,2早,2早,R,3早,1午,1午,2午,2午,R,2午,1夜,1夜,1夜,1夜,R,R,1午,2午,2午,3午,2午,R,R,2早,2早,2午,1夜,R,R,2早,2早,2早,2早,R,R,2早,1早,2早
LB02-2,R,2早,2午,3午,1夜,R,R,2早,2早,1早,2早,R,R,2早,3早,2午,1夜,R,R,3早,2早,2早,2午,R,R,2早,3早,2早,2早,2早,R,2午,2午,1午,2午,1午,R,2早,2早,2午,2午,2午,R,R,2午,1夜,1夜,1夜,1夜,R,R,2午,2午,1午,1夜,R
LB03-1,1夜,1夜,1夜,1夜,R,R,3早,3早,3早,3早,3早,R,3午,3午,2午,3午,3午,R,3早,3午,3午,3午,1夜,R,R,3午,3午,3午,3午,3午,R,R,3早,3早,3早,3早,R,R,3早,3午,3午,3午,R,R,3早,2早,1早,2午,R,R,3早,3早,3早,1夜,R,R
LB03-2,R,3早,3早,3早,3早,3早,R,R,3午,1夜,1夜,1夜,1夜,R,R,3早,3早,3早,2午,R,R,2午,3午,3午,3午,R,R,3早,3早,3早,3早,R,R,3午,3午,3午,3午,R,R,3早,3早,1夜,1夜,R,R,3早,3早,3午,3午,2午,R,2早,3午,3午,3午,3午
LB03-3,3早,3午,R,R,3午,3午,3午,3午,1夜,R,R,3早,3早,3早,3午,R,R,3午,3午,2午,1夜,R,R,1夜,1夜,1夜,1夜,R,R,1早,3午,3午,3午,R,R,2早,3早,3早,3午,R,R,3早,3早,3早,2早,3午,R,3早,3早,3午,3午,3午,R,3早,3早,3早
LB04-1,4早,R,R,4早,4午,6午,6夜,R,R,4午,5午,4午,4午,R,R,4早,4早,6早,4早,4早,R,5早,6午,6午,4午,4午,R,4午,6夜,6夜,6夜,6夜,R,R,6午,4午,4午,5午,4午,R,R,4早,4早,4午,6夜,R,R,4早,4早,4早,4早,R,R,4早,6早,4早
LB04-2,R,4早,4午,5午,6夜,R,R,4早,4早,6早,4早,R,R,4早,5早,4午,6夜,R,R,5早,4早,4早,4午,R,R,4早,5早,4早,4早,4早,R,4午,4午,6午,4午,6午,R,4早,4早,4午,4午,4午,R,R,4午,6夜,6夜,6夜,6夜,R,R,4午,4午,6午,6夜,R
LB04-3,6早,6早,6早,6早,R,R,4午,6午,4午,5午,R,R,4早,6夜,6夜,6夜,R,R,6早,6早,6早,6夜,R,R,6午,6午,4午,6午,R,R,6早,5早,6夜,6夜,R,R,6早,6早,6早,6早,4早,R,6早,5午,6午,6午,4午,R,6午,6午,6午,6午,6午,R,R,6早
LB05-1,6夜,6夜,6夜,6夜,R,R,5早,5早,5早,5早,5早,R,5午,5午,4午,5午,5午,R,5早,5午,5午,5午,6夜,R,R,5午,5午,5午,5午,5午,R,R,5早,5早,5早,5早,R,R,5早,5午,5午,5午,R,R,5早,4早,6早,4午,R,R,5早,5早,5早,6夜,R,R
LB05-2,R,5早,5早,5早,5早,5早,R,R,5午,6夜,6夜,6夜,6夜,R,R,5早,5早,5早,4午,R,R,4午,5午,5午,5午,R,R,5早,5早,5早,5早,R,R,5午,5午,5午,5午,R,R,5早,5早,6夜,6夜,R,R,5早,5早,5午,5午,4午,R,4早,5午,5午,5午,5午
LB05-3,5早,5午,R,R,5午,5午,5午,5午,6夜,R,R,5早,5早,5早,5午,R,R,5午,5午,4午,6夜,R,R,6夜,6夜,6夜,6夜,R,R,6早,5午,5午,5午,R,R,4早,5早,5早,5午,R,R,5早,5早,5早,4早,5午,R,5早,5早,5午,5午,5午,R,5早,5早,5早
LB06-1,5午,6午,5午,R,R,6早,6早,6早,6午,R,R,5午,6午,6午,6午,6午,R,6午,6午,6午,6午,6午,R,6早,4早,5早,6午,6夜,R,R,4早,6早,6早,4早,4早,R,R,6夜,6夜,6夜,6夜,R,R,6早,6早,6早,6午,R,R,5早,6早,6早,6夜,R,R,6午
LB06-2,R,R,6午,6午,6午,6夜,R,R,6早,6午,6午,6午,R,R,6早,6早,6早,4午,R,R,5早,6早,5早,4早,6早,R,6早,6早,6早,4午,6午,R,4早,6早,6夜,6夜,6夜,R,R,6午,6午,6午,6午,6夜,R,R,5午,6午,4午,6夜,R,R,6早,6早,6午,6夜
LB06-3,6午,4午,R,R,6早,4早,6午,6夜,R,R,6早,6早,6早,6早,R,R,6午,6夜,6夜,6夜,R,R,6早,5早,5早,6早,R,R,6午,6午,4午,6午,6午,R,6早,6早,6午,6午,6午,R,6早,6早,5午,6午,5午,R,R,6早,6早,6早,6夜,6夜,R,R,4午,4午
LB07-1,R,R,7早,9早,7早,7午,R,R,7早,9早,7午,9午,R,R,7早,7早,7早,7早,7早,R,7早,7午,7午,7午,7午,R,7早,7早,7早,7早,7早,R,R,7午,7午,7午,8夜,8夜,R,R,9午,7午,7午,,R,R,7午,7午,8夜,8夜,R,R,7午,7午,8夜,8夜
LB07-2,9午,R,R,7早,7午,9午,7午,R,R,7早,7早,7早,7早,7早,R,7午,7午,8夜,,7早,R,7早,7早,7早,8夜,8夜,R,R,7午,7午,9午,8夜,8夜,R,R,7早,7午,9午,8夜,R,R,7早,7早,7午,7午,R,R,7早,7午,7午,7午,R,R,7早,7早,9早
LB07-3,7午,7午,R,R,9早,9早,9早,7早,8夜,R,8夜,,7午,7午,7午,R,9午,7午,7午,7午,7午,R,R,9早,7早,7早,8夜,8夜,R,R,7午,7午,7午,8夜,R,R,7早,7早,7早,7早,R,R,9早,9早,9早,7午,R,R,7早,9早,8午,7午,R,R,7午,7午
LB07-4,7早,7早,7午,7午,R,7早,7早,7午,7午,7午,R,7午,9午,9午,9午,9午,R,R,8夜,8夜,8夜,8夜,8夜,R,R,7午,7午,7午,,R,R,7早,7早,7早,7早,R,R,7午,7午,7午,7午,R,R,7早,7早,7早,7早,R,R,7早,7早,7早,7早,R,R,7早
LB08-1,8早,8早,8早,8早,8早,R,R,8午,8午,8午,8午,8午,R,R,8早,8早,8早,8早,R,R,8早,8午,8午,8夜,R,R,8早,8早,8夜,8夜,R,R,8午,8午,8夜,8夜,R,R,8午,9午,8午,8夜,R,R,8早,8午,8午,8午,8午,R,8早,8早,8早,8早,9早,R
LB08-2,R,R,8午,8午,8夜,8夜,8夜,R,R,8早,9早,8夜,8夜,R,R,8午,8午,8午,9午,R,R,8早,8早,,8早,R,R,8午,8午,9午,8夜,R,R,8早,8早,8早,8午,R,R,8早,8早,8早,8早,8早,R,8早,8早,8早,9午,8午,R,8午,8午,8午,8午,8午
LB08-3,8夜,8夜,R,R,8午,8午,8午,8夜,R,R,8早,8早,8早,8早,R,R,9早,9早,8早,8早,R,R,9早,8早,9早,8早,R,R,8早,8午,8午,8午,R,R,8午,8午,9午,8午,9午,R,7早,9午,8午,8午,8午,R,8夜,8夜,,9午,8夜,R,R,9早,8早,8早
LB08-4,8午,8午,8夜,R,R,8早,8早,8早,8早,R,R,9早,8午,8午,8午,R,R,9午,8午,8午,8午,R,R,8午,8午,8午,8午,R,R,8早,8早,8早,8早,,R,9早,8早,8早,8早,8午,R,8午,9午,8夜,8夜,8夜,R,R,8早,8早,9早,8夜,8夜,R,R,9午
LB09-1,9早,9早,9早,8夜,R,R,9午,9午,9午,8夜,R,R,9早,9早,9早,9早,R,R,9早,9早,9早,9早,R,R,9午,9午,9午,9午,9午,R,9早,9早,9早,9早,9早,R,9早,9早,,8夜,8夜,R,R,9午,9午,9午,9午,9午,R,R,9午,9午,9午,8夜,R,R
LB09-2,R,9午,9午,9午,9午,R,R,9早,9早,9午,9午,R,R,8夜,8夜,8夜,8夜,R,R,9午,9午,9午,9午,9午,R,9早,9早,9早,9早,9早,R,9午,9午,9午,9午,9午,R,R,9早,9早,9早,9早,8夜,R,R,9早,9早,9早,9早,R,R,9早,9早,9午,9午,R
LB10-1,12夜,12夜,12夜,12夜,R,R,10早,10早,10早,10早,10早,R,10午,10午,11午,10午,10午,R,10早,10午,10午,10午,12夜,R,R,10午,10午,10午,10午,10午,R,R,10早,10早,10早,10早,R,R,10早,10午,10午,10午,R,R,10早,11早,12早,11午,R,R,10早,10早,10早,12夜,R,R
LB10-2,R,10早,10早,10早,10早,10早,R,R,10午,12夜,12夜,12夜,12夜,R,R,10早,10早,10早,11午,R,R,11午,10午,10午,10午,R,R,10早,10早,10早,10早,R,R,10午,10午,10午,10午,R,R,10早,10早,12夜,12夜,R,R,10早,10早,10午,10午,11午,R,11早,10午,10午,10午,10午
LB10-3,10早,10午,R,R,10午,10午,10午,10午,12夜,R,R,10早,10早,10早,10午,R,R,10午,10午,11午,12夜,R,R,12夜,12夜,12夜,12夜,R,R,12早,10午,10午,10午,R,R,11早,10早,10早,10午,R,R,10早,10早,10早,11早,10午,R,10早,10早,10午,10午,10午,R,10早,10早,10早
LB11-1,11早,R,R,11早,11午,12午,12夜,R,R,11午,10午,11午,11午,R,R,11早,11早,12早,11早,11早,R,10早,12午,12午,11午,11午,R,11午,12夜,12夜,12夜,12夜,R,R,12午,11午,11午,10午,11午,R,R,11早,11早,11午,12夜,R,R,11早,11早,11早,11早,R,R,11早,12早,11早
LB11-2,R,11早,11午,10午,12夜,R,R,11早,11早,12早,11早,R,R,11早,10早,11午,12夜,R,R,10早,11早,11早,11午,R,R,11早,10早,11早,11早,11早,R,11午,11午,12午,11午,12午,R,11早,11早,11午,11午,11午,R,R,11午,12夜,12夜,12夜,12夜,R,R,11午,11午,12午,12夜,R
LB11-3,12早,12早,12早,12早,R,R,11午,12午,11午,10午,R,R,11早,12夜,12夜,12夜,R,R,12早,12早,12早,12夜,R,R,12午,12午,11午,12午,R,R,12早,10早,12夜,12夜,R,R,12早,12早,12早,12早,11早,R,12早,10午,12午,12午,11午,R,12午,12午,12午,12午,12午,R,R,12早
LB12-1,10午,12午,10午,R,R,12早,12早,12早,12午,R,R,10午,12午,12午,12午,12午,R,12午,12午,12午,12午,12午,R,12早,11早,10早,12午,12夜,R,R,11早,12早,12早,11早,11早,R,R,12夜,12夜,12夜,12夜,R,R,12早,12早,12早,12午,R,R,10早,12早,12早,12夜,R,R,12午
LB12-2,R,R,12午,12午,12午,12夜,R,R,12早,12午,12午,12午,R,R,12早,12早,12早,11午,R,R,10早,12早,10早,11早,12早,R,12早,12早,12早,11午,12午,R,11早,12早,12夜,12夜,12夜,R,R,12午,12午,12午,12午,12夜,R,R,10午,12午,11午,12夜,R,R,12早,12早,12午,12夜
LB12-3,12午,11午,R,R,12早,11早,12午,12夜,R,R,12早,12早,12早,12早,R,R,12午,12夜,12夜,12夜,R,R,12早,10早,10早,12早,R,R,12午,12午,11午,12午,12午,R,12早,12早,12午,12午,12午,R,12早,12早,10午,12午,10午,R,R,12早,12早,12早,12夜,12夜,R,R,11午,11午
